{"min": [-0.683914, -0.52107, -0.414754], "max": [0.711866, 0.625463, 0.448339]}