{"min": [-0.687565, -0.723071, -0.373959], "max": [0.698835, 0.605562, 0.410705]}