{"min": [-0.716348, -0.675647, -0.457543], "max": [0.685902, 0.564806, 0.482908]}