{"min": [-0.486785, -0.87847, -0.245155], "max": [0.496066, 0.824107, 0.271865]}